"STATION","DATE","SOURCE","LATITUDE","LONGITUDE","ELEVATION","NAME","REPORT_TYPE","CALL_SIGN","QUALITY_CONTROL","WND","CIG","VIS","TMP","DEW","SLP","AY1","AY2","GA1","GA2","GA3","GE1","GF1","KA1","KA2","MA1","MD1","MW1","REM","EQD"
"43067099999","2023-12-04T03:00:00","4","18.5333333","73.85","560.0","PASHAN CTI, IN","FM-12","99999","V020","999,9,C,0000,1","99999,9,9,N","004000,1,9,9","+0190,1","+0184,1","10111,1","2,1,02,1","1,1,02,1","01,1,+00660,1,06,1","03,1,+01800,1,03,1","05,2,+06000,1,00,1","9,AGL   ,+99999,+99999","04,99,2,01,1,99,9,00660,1,99,9,99,9","240,M,+0299,1","240,N,+0178,1","99999,9,09476,1","9,9,999,9,-015,1","05,1","SYN10443067 31596 40000 10190 20184 39476 40111 70521 81531 333 10299 20178 59015 81622 83356 85070 555 10065=","Q01 060003SCOCIG"
"43067099999","2023-12-05T12:00:00","4","18.5333333","73.85","560.0","PASHAN CTI, IN","FM-12","99999","V020","999,9,C,0000,1","22000,1,9,N","004000,1,9,9","+0264,1","+0175,1","10052,1",,,"02,1,+00800,1,08,1","99,9,+99999,9,00,1",,"9,AGL   ,+99999,+99999","03,99,1,02,1,99,9,00800,1,99,9,99,9","240,M,+0278,1",,"99999,9,09438,1","9,9,999,9,-006,1",,"SYN06443067 32596 30000 10264 20175 39438 40052 82801 333 10278 59006=",
"43067099999","2023-12-14T12:00:00","4","18.5333333","73.85","560.0","PASHAN CTI, IN","FM-12","99999","V020","999,9,C,0000,1","99999,9,9,N","004000,1,9,9","+0254,1","+0148,1","10090,1",,,,,,,,"240,M,+0274,1",,"99999,9,09471,1","9,9,999,9,+015,1",,"SYN05843067 32996 00000 10254 20148 39471 40090 333 10274 58015=",
"43067099999","2023-12-17T12:00:00","4","18.5333333","73.85","560.0","PASHAN CTI, IN","FM-12","99999","V020","999,9,C,0000,1","99999,9,9,N","004000,1,9,9","+0250,1","+0183,1","10087,1",,,,,,,,"240,M,+0260,1",,"99999,9,09467,1","9,9,999,9,-015,1",,"SYN05843067 32996 00000 10250 20183 39467 40087 333 10260 59015=",
"43067099999","2023-12-18T03:00:00","4","18.5333333","73.85","560.0","PASHAN CTI, IN","FM-12","99999","V020","999,9,C,0000,1","06600,1,C,N","004000,1,9,9","+0162,1","+0152,1","10154,1","2,1,02,1","1,1,02,1","04,1,+00660,1,06,1","04,1,+06600,1,00,1",,"9,AGL   ,+99999,+99999","07,99,1,04,1,99,9,00660,1,99,9,99,9","240,M,+0260,1","240,N,+0154,1","99999,9,09512,1","9,9,999,9,+008,1","05,1","SYN09843067 31596 70000 10162 20152 39512 40154 70521 84501 333 10260 20154 58008 84622 84072 555 10065=",
"43067099999","2023-12-19T12:00:00","4","18.5333333","73.85","560.0","PASHAN CTI, IN","FM-12","99999","V020","999,9,C,0000,1","99999,9,9,N","004000,1,9,9","+0244,1","+0132,1","10108,1",,,"02,1,+00800,1,06,1","99,9,+99999,9,03,1",,"9,AGL   ,+99999,+99999","05,99,1,02,1,99,9,00800,1,99,9,99,9","240,M,+0260,1",,"99999,9,09487,1","9,9,999,9,+009,1",,"SYN06443067 32596 50000 10244 20132 39487 40108 82540 333 10260 58009=",
"43067099999","2023-12-20T12:00:00","4","18.5333333","73.85","560.0","PASHAN CTI, IN","FM-12","99999","V020","999,9,C,0000,1","22000,1,9,N","004000,1,9,9","+0250,1","+0139,1","10101,1",,,"01,1,+01750,1,03,1","99,9,+99999,9,00,1",,"9,AGL   ,+99999,+99999","03,99,1,01,1,99,9,01750,1,99,9,99,9","240,M,+0268,1",,"99999,9,09480,1","9,9,999,9,-007,1",,"SYN06443067 32796 30000 10250 20139 39480 40101 81041 333 10268 59007=",
"43067099999","2023-12-21T12:00:00","4","18.5333333","73.85","560.0","PASHAN CTI, IN","FM-12","99999","V020","999,9,C,0000,1","07500,1,C,N","004000,1,9,9","+0254,1","+0156,1","10096,1",,,"01,1,+00600,1,06,1","03,1,+03000,1,03,1","02,1,+07500,1,00,1","9,AGL   ,+99999,+99999","06,99,1,01,1,99,9,00600,1,99,9,99,9","240,M,+0284,1",,"99999,9,09477,1","9,9,999,9,-003,1",,"SYN08243067 32596 60000 10254 20156 39477 40096 81541 333 10284 59003 81620 83360 82075=",
"43067099999","2023-12-31T12:00:00","4","18.5333333","73.85","560.0","PASHAN CTI, IN","FM-12","99999","V020","999,9,C,0000,1","99999,9,9,N","004000,1,9,9","+0276,1","+0161,1","10071,1",,,,,,,,"240,M,+0300,1",,"99999,9,09457,1","9,9,999,9,-012,1",,"SYN05843067 32996 00000 10276 20161 39457 40071 333 10300 59012=",
